"Name","State","Notes","User","Tags","Created","Runtime","Sweep","batch_size","epochs","hidden_layers","k","lr","min_delta","model","models","n_epochs","n_runs","patience","sizes","source_size","target_size","-early-stopping-epoch","-first-batch-loss","-training-loss","-validation-loss","acc","training-acc"
"triangle 10000->10000 4","finished","-","niklasdewally","08SepResults","2023-09-08T04:36:30.000Z","3107","","256","","332","2","0.083","0.01","triangle","[""triangle""]","300","5","25","[250,1000,10000]","10000","10000","0","","0.1069859812179437","0.059771016240119934","0.603448275862069","0.6075971173447414"
"triangle 10000->10000 3","finished","-","niklasdewally","08SepResults","2023-09-08T03:41:08.000Z","3320","","256","","332","2","0.083","0.01","triangle","[""triangle""]","300","5","25","[250,1000,10000]","10000","10000","5","","0.1521198462981444","0.07800714671611786","0.5749513117195555","0.5755261420080967"
"triangle 10000->10000 2","finished","-","niklasdewally","08SepResults","2023-09-08T02:45:33.000Z","3332","","256","","332","2","0.083","0.01","triangle","[""triangle""]","300","5","25","[250,1000,10000]","10000","10000","5","","0.1461899397082818","0.07664330303668976","0.5996964142513461","0.6055442303827271"
"triangle 10000->10000 1","finished","-","niklasdewally","08SepResults","2023-09-08T01:47:19.000Z","3492","","256","","332","2","0.083","0.01","triangle","[""triangle""]","300","5","25","[250,1000,10000]","10000","10000","8","","0.15494179892807436","0.07289743423461914","0.5645835720013748","0.5676447787763071"
"triangle 10000->10000 0","finished","-","niklasdewally","08SepResults","2023-09-08T00:52:31.000Z","3286","","256","","332","2","0.083","0.01","triangle","[""triangle""]","300","5","25","[250,1000,10000]","10000","10000","4","","0.16541069411696532","0.08141037821769714","0.5993384121892542","0.6049125728559533"
"triangle 10000->1000 4","finished","-","niklasdewally","08SepResults","2023-09-08T00:13:03.000Z","2366","","256","","332","2","0.083","0.01","triangle","[""triangle""]","300","5","25","[250,1000,10000]","10000","1000","5","","0.1675301941159444","0.0803879052400589","0.5946925754060325","0.5944902236641879"
"triangle 10000->1000 3","finished","-","niklasdewally","08SepResults","2023-09-07T23:31:03.000Z","2517","","256","","332","2","0.083","0.01","triangle","[""triangle""]","300","5","25","[250,1000,10000]","10000","1000","7","","0.14889367951605564","0.0738145262002945","0.6280452436194895","0.6337821930000861"
"triangle 10000->1000 2","finished","-","niklasdewally","08SepResults","2023-09-07T22:51:05.000Z","2396","","256","","332","2","0.083","0.01","triangle","[""triangle""]","300","5","25","[250,1000,10000]","10000","1000","5","","0.16571960197045252","0.08064638078212738","0.5832366589327146","0.5784690918487467"
"triangle 10000->1000 1","finished","-","niklasdewally","08SepResults","2023-09-07T22:15:23.000Z","2140","","256","","332","2","0.083","0.01","triangle","[""triangle""]","300","5","25","[250,1000,10000]","10000","1000","1","","0.10224077888788322","0.053536370396614075","0.6119489559164734","0.6180338223893882"
"triangle 10000->1000 0","finished","-","niklasdewally","08SepResults","2023-09-07T21:34:28.000Z","2453","","256","","332","2","0.083","0.01","triangle","[""triangle""]","300","5","25","[250,1000,10000]","10000","1000","6","","0.16085329379599828","0.07872568070888519","0.5733758700696056","0.5804645553992362"
"triangle 10000->250 4","finished","-","niklasdewally","08SepResults","2023-09-07T20:59:33.000Z","2093","","256","","332","2","0.083","0.01","triangle","[""triangle""]","300","5","25","[250,1000,10000]","10000","250","1","","0.10224743359363996","0.05309724807739258","0.5879396984924623","0.598481150765167"
"triangle 10000->250 3","finished","-","niklasdewally","08SepResults","2023-09-07T20:24:53.000Z","2078","","256","","332","2","0.083","0.01","triangle","[""triangle""]","300","5","25","[250,1000,10000]","10000","250","1","","0.102350270232329","0.05294106900691986","0.5119346733668342","0.5345832495908582"
"triangle 10000->250 2","finished","-","niklasdewally","08SepResults","2023-09-07T19:46:32.000Z","2299","","256","","332","2","0.083","0.01","triangle","[""triangle""]","300","5","25","[250,1000,10000]","10000","250","5","","0.1752239553114543","0.0834578424692154","0.5634422110552764","0.5745786557179362"
"triangle 10000->250 1","finished","-","niklasdewally","08SepResults","2023-09-07T19:08:16.000Z","2294","","256","","332","2","0.083","0.01","triangle","[""triangle""]","300","5","25","[250,1000,10000]","10000","250","5","","0.16880852967882767","0.07965591549873352","0.5804020100502513","0.5564902810875995"
"triangle 10000->250 0","finished","-","niklasdewally","08SepResults","2023-09-07T18:30:34.000Z","2260","","256","","332","2","0.083","0.01","triangle","[""triangle""]","300","5","25","[250,1000,10000]","10000","250","4","","0.17405740305399284","0.07980921864509583","0.585427135678392","0.5546670877716845"
"triangle 1000->10000 4","finished","-","niklasdewally","08SepResults","2023-09-07T18:08:37.000Z","1314","","256","","332","2","0.083","0.01","triangle","[""triangle""]","300","5","25","[250,1000,10000]","1000","10000","27","","-0.2522582821547985","-0.1837347000837326","0.5946557452170924","0.6040730337078651"
"triangle 1000->10000 3","finished","-","niklasdewally","08SepResults","2023-09-07T17:42:09.000Z","1586","","256","","332","2","0.083","0.01","triangle","[""triangle""]","300","5","25","[250,1000,10000]","1000","10000","98","","-0.31705261021852493","-0.15350599586963654","0.6255441631343797","0.6393258426966292"
"triangle 1000->10000 2","finished","-","niklasdewally","08SepResults","2023-09-07T17:16:12.000Z","1555","","256","","332","2","0.083","0.01","triangle","[""triangle""]","300","5","25","[250,1000,10000]","1000","10000","90","","-0.3352050557732582","-0.20868441462516785","0.5848321686332913","0.5949438202247191"
"triangle 1000->10000 1","finished","-","niklasdewally","08SepResults","2023-09-07T16:51:22.000Z","1488","","256","","332","2","0.083","0.01","triangle","[""triangle""]","300","5","25","[250,1000,10000]","1000","10000","73","","-0.24742348492145536","-0.27639153599739075","0.6185559628823462","0.6257022471910112"
"triangle 1000->10000 0","finished","-","niklasdewally","08SepResults","2023-09-07T16:25:57.000Z","1523","","256","","332","2","0.083","0.01","triangle","[""triangle""]","300","5","25","[250,1000,10000]","1000","10000","80","","-0.3607110008597374","-0.25807663798332214","0.6136441745904456","0.6217696629213483"
"triangle 1000->1000 4","finished","-","niklasdewally","08SepResults","2023-09-07T16:20:21.000Z","334","","256","","332","2","0.083","0.01","triangle","[""triangle""]","300","5","25","[250,1000,10000]","1000","1000","21","","-0.19446954131126404","-0.20470690727233887","0.5424883990719258","0.5529494382022472"
"triangle 1000->1000 3","finished","-","niklasdewally","08SepResults","2023-09-07T16:14:13.000Z","366","","256","","332","2","0.083","0.01","triangle","[""triangle""]","300","5","25","[250,1000,10000]","1000","1000","29","","-0.31057078391313553","-0.2735162079334259","0.6042633410672854","0.6306179775280899"
"triangle 1000->1000 2","finished","-","niklasdewally","08SepResults","2023-09-07T16:08:14.000Z","357","","256","","332","2","0.083","0.01","triangle","[""triangle""]","300","5","25","[250,1000,10000]","1000","1000","26","","-0.2234426625072956","-0.18300992250442505","0.6154292343387471","0.6200842696629213"
"triangle 1000->1000 1","finished","-","niklasdewally","08SepResults","2023-09-07T15:57:37.000Z","634","","256","","332","2","0.083","0.01","triangle","[""triangle""]","300","5","25","[250,1000,10000]","1000","1000","98","","-0.3634453937411308","-0.19478191435337067","0.6129640371229699","0.6269662921348315"
"triangle 1000->1000 0","finished","-","niklasdewally","08SepResults","2023-09-07T15:52:44.000Z","291","","256","","332","2","0.083","0.01","triangle","[""triangle""]","300","5","25","[250,1000,10000]","1000","1000","10","","-0.012108709663152696","0.09577739983797072","0.5667053364269141","0.5717696629213483"
"triangle 1000->250 4","finished","-","niklasdewally","08SepResults","2023-09-07T15:46:44.000Z","358","","256","","332","2","0.083","0.01","triangle","[""triangle""]","300","5","25","[250,1000,10000]","1000","250","47","","-0.15866611152887344","-0.14858819544315338","0.6180904522613065","0.6313202247191011"
"triangle 1000->250 3","finished","-","niklasdewally","08SepResults","2023-09-07T15:38:03.000Z","519","","256","","332","2","0.083","0.01","triangle","[""triangle""]","300","5","25","[250,1000,10000]","1000","250","87","","-0.4006943181157112","-0.18104471266269684","0.5885678391959799","0.6171348314606742"
"triangle 1000->250 2","finished","-","niklasdewally","08SepResults","2023-09-07T15:31:16.000Z","404","","256","","332","2","0.083","0.01","triangle","[""triangle""]","300","5","25","[250,1000,10000]","1000","250","58","","-0.3387674316763878","-0.2612153887748718","0.5910804020100503","0.5873595505617978"
"triangle 1000->250 1","finished","-","niklasdewally","08SepResults","2023-09-07T15:25:22.000Z","352","","256","","332","2","0.083","0.01","triangle","[""triangle""]","300","5","25","[250,1000,10000]","1000","250","44","","-0.14839782938361168","-0.1696191132068634","0.6017587939698492","0.6183988764044944"
"triangle 1000->250 0","finished","-","niklasdewally","08SepResults","2023-09-07T15:20:21.000Z","299","","256","","332","2","0.083","0.01","triangle","[""triangle""]","300","5","25","[250,1000,10000]","1000","250","28","","-0.17862354218959808","-0.1987912356853485","0.6011306532663316","0.6258426966292134"
"triangle 250->10000 4","finished","-","niklasdewally","08SepResults","2023-09-07T15:01:32.000Z","1127","","256","","332","2","0.083","0.01","triangle","[""triangle""]","300","5","25","[250,1000,10000]","250","10000","73","","-0.531292200088501","-0.2583250105381012","0.5580106541413679","0.6085131894484412"
"triangle 250->10000 3","finished","-","niklasdewally","08SepResults","2023-09-07T14:42:47.000Z","1123","","256","","332","2","0.083","0.01","triangle","[""triangle""]","300","5","25","[250,1000,10000]","250","10000","61","","-0.4169344902038574","-0.4238874912261963","0.5966032764348722","0.6504796163069544"
"triangle 250->10000 2","finished","-","niklasdewally","08SepResults","2023-09-07T14:23:52.000Z","1133","","256","","332","2","0.083","0.01","triangle","[""triangle""]","300","5","25","[250,1000,10000]","250","10000","77","","-0.5739308595657349","-0.2610838711261749","0.556550005728033","0.6342925659472423"
"triangle 250->10000 1","finished","-","niklasdewally","08SepResults","2023-09-07T14:04:56.000Z","1134","","256","","332","2","0.083","0.01","triangle","[""triangle""]","300","5","25","[250,1000,10000]","250","10000","78","","-0.4243805408477783","-0.10630984604358672","0.5314182609691832","0.5695443645083933"
"triangle 250->10000 0","finished","-","niklasdewally","08SepResults","2023-09-07T13:45:50.000Z","1144","","256","","332","2","0.083","0.01","triangle","[""triangle""]","300","5","25","[250,1000,10000]","250","10000","94","","-0.5034608840942383","-0.39544615149497986","0.5913048459159125","0.6558752997601919"
"triangle 250->1000 4","finished","-","niklasdewally","08SepResults","2023-09-07T13:42:36.000Z","192","","256","","332","2","0.083","0.01","triangle","[""triangle""]","300","5","25","[250,1000,10000]","250","1000","94","","-0.6065903306007385","-0.2670195400714874","0.56627030162413","0.6498800959232613"
"triangle 250->1000 3","finished","-","niklasdewally","08SepResults","2023-09-07T13:39:35.000Z","179","","256","","332","2","0.083","0.01","triangle","[""triangle""]","300","5","25","[250,1000,10000]","250","1000","69","","-0.5263075232505798","-0.3786831200122833","0.5797563805104409","0.5947242206235012"
"triangle 250->1000 2","finished","-","niklasdewally","08SepResults","2023-09-07T13:36:42.000Z","171","","256","","332","2","0.083","0.01","triangle","[""triangle""]","300","5","25","[250,1000,10000]","250","1000","56","","-0.4144047498703003","-0.3548429012298584","0.47607308584686775","0.511990407673861"
"triangle 250->1000 1","finished","-","niklasdewally","08SepResults","2023-09-07T13:33:27.000Z","193","","256","","332","2","0.083","0.01","triangle","[""triangle""]","300","5","25","[250,1000,10000]","250","1000","91","","-0.5497840642929077","-0.2664012908935547","0.5462587006960556","0.6258992805755396"
"triangle 250->1000 0","finished","-","niklasdewally","08SepResults","2023-09-07T13:30:16.000Z","189","","256","","332","2","0.083","0.01","triangle","[""triangle""]","300","5","25","[250,1000,10000]","250","1000","83","","-0.5152949094772339","-0.31780263781547546","0.5671403712296984","0.6019184652278178"
"triangle 250->250 4","finished","-","niklasdewally","08SepResults","2023-09-07T13:28:21.000Z","113","","256","","332","2","0.083","0.01","triangle","[""triangle""]","300","5","25","[250,1000,10000]","250","250","84","","-0.5041815042495728","0.4016109108924866","0.539572864321608","0.5947242206235012"
"triangle 250->250 3","finished","-","niklasdewally","08SepResults","2023-09-07T13:26:51.000Z","88","","256","","332","2","0.083","0.01","triangle","[""triangle""]","300","5","25","[250,1000,10000]","250","250","45","","-0.3261469900608063","-0.2675696611404419","0.5923366834170855","0.5899280575539568"
"triangle 250->250 2","finished","-","niklasdewally","08SepResults","2023-09-07T13:24:47.000Z","122","","256","","332","2","0.083","0.01","triangle","[""triangle""]","300","5","25","[250,1000,10000]","250","250","101","","-0.5585278272628784","-0.386370986700058","0.5483668341708543","0.6414868105515588"
"triangle 250->250 1","finished","-","niklasdewally","08SepResults","2023-09-07T13:22:44.000Z","121","","256","","332","2","0.083","0.01","triangle","[""triangle""]","300","5","25","[250,1000,10000]","250","250","103","","-0.6206820011138916","-0.468523383140564","0.48555276381909546","0.552158273381295"
"triangle 250->250 0","finished","-","niklasdewally","08SepResults","2023-09-07T13:20:59.000Z","103","","256","","332","2","0.083","0.01","triangle","[""triangle""]","300","5","25","[250,1000,10000]","250","250","63","","-0.5074601173400879","-0.2611335813999176","0.5288944723618091","0.5767386091127098"
"graphsage-gcn 10000->10000 4","finished","-","niklasdewally","08SepResults","2023-09-04T09:53:38.000Z","3904","","16","","470","2","0.011","0.01","graphsage-gcn","[""graphsage-mean"",""graphsage-gcn"",""graphsage-lstm"",""graphsage-pool""]","300","5","25","[250,1000,10000]","10000","10000","2","7.624619007110596","7.628478304340981","7.624172687530518","0.510840302440142","0.5110252950127767"
"graphsage-gcn 10000->10000 3","finished","-","niklasdewally","08SepResults","2023-09-04T08:44:43.000Z","4133","","16","","470","2","0.011","0.01","graphsage-gcn","[""graphsage-mean"",""graphsage-gcn"",""graphsage-lstm"",""graphsage-pool""]","300","5","25","[250,1000,10000]","10000","10000","5","7.624619007110596","7.624466563113046","7.624401092529297","0.5055418719211823","0.5060294582101122"
"graphsage-gcn 10000->10000 2","finished","-","niklasdewally","08SepResults","2023-09-04T07:41:35.000Z","3786","","16","","470","2","0.011","0.01","graphsage-gcn","[""graphsage-mean"",""graphsage-gcn"",""graphsage-lstm"",""graphsage-pool""]","300","5","25","[250,1000,10000]","10000","10000","1","7.5771331787109375","8.471342794776536","7.688767433166504","0.5111267040898155","0.5142410060581699"
"graphsage-gcn 10000->10000 1","finished","-","niklasdewally","08SepResults","2023-09-04T05:54:40.000Z","6413","","16","","470","2","0.011","0.01","graphsage-gcn","[""graphsage-mean"",""graphsage-gcn"",""graphsage-lstm"",""graphsage-pool""]","300","5","25","[250,1000,10000]","10000","10000","32","7.624619007110596","7.624580896111208","7.624629497528076","0.5075610035513805","0.5081971919951764"
"graphsage-gcn 10000->10000 0","finished","-","niklasdewally","08SepResults","2023-09-04T04:51:24.000Z","3794","","16","","470","2","0.011","0.01","graphsage-gcn","[""graphsage-mean"",""graphsage-gcn"",""graphsage-lstm"",""graphsage-pool""]","300","5","25","[250,1000,10000]","10000","10000","1","7.624619007110596","7.624580896111208","7.624401092529297","0.5012601672585634","0.5019811076976083"
"graphsage-gcn 10000->1000 4","finished","-","niklasdewally","08SepResults","2023-09-04T04:04:32.000Z","2810","","16","","470","2","0.011","0.01","graphsage-gcn","[""graphsage-mean"",""graphsage-gcn"",""graphsage-lstm"",""graphsage-pool""]","300","5","25","[250,1000,10000]","10000","1000","1","7.624619007110596","7.624619007110596","7.624629497528076","0.5","0.5"
"graphsage-gcn 10000->1000 3","finished","-","niklasdewally","08SepResults","2023-09-04T03:17:31.000Z","2819","","16","","470","2","0.011","0.01","graphsage-gcn","[""graphsage-mean"",""graphsage-gcn"",""graphsage-lstm"",""graphsage-pool""]","300","5","25","[250,1000,10000]","10000","1000","1","7.624619007110596","7.624619007110596","7.624629497528076","0.5","0.5"
"graphsage-gcn 10000->1000 2","finished","-","niklasdewally","08SepResults","2023-09-04T02:30:04.000Z","2844","","16","","470","2","0.011","0.01","graphsage-gcn","[""graphsage-mean"",""graphsage-gcn"",""graphsage-lstm"",""graphsage-pool""]","300","5","25","[250,1000,10000]","10000","1000","0","13.445878028869627","13.046738349032823","13.241909980773926","0.5","0.5"
"graphsage-gcn 10000->1000 1","finished","-","niklasdewally","08SepResults","2023-09-04T00:58:14.000Z","5508","","16","","470","2","0.011","0.01","graphsage-gcn","[""graphsage-mean"",""graphsage-gcn"",""graphsage-lstm"",""graphsage-pool""]","300","5","25","[250,1000,10000]","10000","1000","33","7.624619007110596","7.624745669755278","7.624172687530518","0.5","0.5"
"graphsage-gcn 10000->1000 0","finished","-","niklasdewally","08SepResults","2023-09-03T23:44:54.000Z","4398","","16","","470","2","0.011","0.01","graphsage-gcn","[""graphsage-mean"",""graphsage-gcn"",""graphsage-lstm"",""graphsage-pool""]","300","5","25","[250,1000,10000]","10000","1000","20","7.624619007110596","7.624619007110596","7.624629497528076","0.5","0.5"
"graphsage-gcn 10000->250 4","finished","-","niklasdewally","08SepResults","2023-09-03T22:21:42.000Z","4990","","16","","470","2","0.011","0.01","graphsage-gcn","[""graphsage-mean"",""graphsage-gcn"",""graphsage-lstm"",""graphsage-pool""]","300","5","25","[250,1000,10000]","10000","250","28","7.6008758544921875","7.905610451920266","7.881313800811768","0.5282663316582915","0.5194234689482902"
"graphsage-gcn 10000->250 3","finished","-","niklasdewally","08SepResults","2023-09-03T21:25:47.000Z","3352","","16","","470","2","0.011","0.01","graphsage-gcn","[""graphsage-mean"",""graphsage-gcn"",""graphsage-lstm"",""graphsage-pool""]","300","5","25","[250,1000,10000]","10000","250","8","7.624619007110596","7.624198665588281","7.622927665710449","0.532035175879397","0.5161072669327285"
"graphsage-gcn 10000->250 2","finished","-","niklasdewally","08SepResults","2023-09-03T19:34:50.000Z","6655","","16","","470","2","0.011","0.01","graphsage-gcn","[""graphsage-mean"",""graphsage-gcn"",""graphsage-lstm"",""graphsage-pool""]","300","5","25","[250,1000,10000]","10000","250","48","7.624619007110596","7.624401552527904","7.624827384948731","0.4723618090452261","0.4844956788882828"
"graphsage-gcn 10000->250 1","finished","-","niklasdewally","08SepResults","2023-09-03T18:42:51.000Z","3117","","16","","470","2","0.011","0.01","graphsage-gcn","[""graphsage-mean"",""graphsage-gcn"",""graphsage-lstm"",""graphsage-pool""]","300","5","25","[250,1000,10000]","10000","250","5","7.624619007110596","7.624619007110596","7.624629497528076","0.5263819095477387","0.514441987998507"
"graphsage-gcn 10000->250 0","finished","-","niklasdewally","08SepResults","2023-09-03T16:47:07.000Z","6942","","16","","470","2","0.011","0.01","graphsage-gcn","[""graphsage-mean"",""graphsage-gcn"",""graphsage-lstm"",""graphsage-pool""]","300","5","25","[250,1000,10000]","10000","250","51","7.624619007110596","7.624619007110596","7.624629497528076","0.5113065326633166","0.5089724080507623"
"graphsage-gcn 1000->10000 4","finished","-","niklasdewally","08SepResults","2023-09-03T16:27:13.000Z","1192","","16","","470","2","0.011","0.01","graphsage-gcn","[""graphsage-mean"",""graphsage-gcn"",""graphsage-lstm"",""graphsage-pool""]","300","5","25","[250,1000,10000]","1000","10000","1","7.71342134475708","7.657067911965506","7.626267433166504","0.5319910642685302","0.5327247191011236"
"graphsage-gcn 1000->10000 3","finished","-","niklasdewally","08SepResults","2023-09-03T16:06:51.000Z","1220","","16","","470","2","0.011","0.01","graphsage-gcn","[""graphsage-mean"",""graphsage-gcn"",""graphsage-lstm"",""graphsage-pool""]","300","5","25","[250,1000,10000]","1000","10000","8","7.624619007110596","7.635185226561531","7.619579315185547","0.5257188681406805","0.5342696629213484"
"graphsage-gcn 1000->10000 2","finished","-","niklasdewally","08SepResults","2023-09-03T15:46:53.000Z","1196","","16","","470","2","0.011","0.01","graphsage-gcn","[""graphsage-mean"",""graphsage-gcn"",""graphsage-lstm"",""graphsage-pool""]","300","5","25","[250,1000,10000]","1000","10000","3","7.624619007110596","7.62461901467944","7.624619483947754","0.5011169664337266","0.5008426966292134"
"graphsage-gcn 1000->10000 1","finished","-","niklasdewally","08SepResults","2023-09-03T15:26:41.000Z","1210","","16","","470","2","0.011","0.01","graphsage-gcn","[""graphsage-mean"",""graphsage-gcn"",""graphsage-lstm"",""graphsage-pool""]","300","5","25","[250,1000,10000]","1000","10000","5","7.6008758544921875","7.637229336632623","7.736423492431641","0.524200939397411","0.5231741573033708"
"graphsage-gcn 1000->10000 0","finished","-","niklasdewally","08SepResults","2023-09-03T15:06:30.000Z","1209","","16","","470","2","0.011","0.01","graphsage-gcn","[""graphsage-mean"",""graphsage-gcn"",""graphsage-lstm"",""graphsage-pool""]","300","5","25","[250,1000,10000]","1000","10000","8","7.5771331787109375","8.008524160536508","8.936820983886719","0.4880856913735823","0.4941011235955056"
"graphsage-gcn 1000->1000 4","finished","-","niklasdewally","08SepResults","2023-09-03T15:01:19.000Z","309","","16","","470","2","0.011","0.01","graphsage-gcn","[""graphsage-mean"",""graphsage-gcn"",""graphsage-lstm"",""graphsage-pool""]","300","5","25","[250,1000,10000]","1000","1000","19","7.624619007110596","7.623891255212208","7.620357990264893","0.5107308584686775","0.5217696629213483"
"graphsage-gcn 1000->1000 3","finished","-","niklasdewally","08SepResults","2023-09-03T14:56:07.000Z","309","","16","","470","2","0.011","0.01","graphsage-gcn","[""graphsage-mean"",""graphsage-gcn"",""graphsage-lstm"",""graphsage-pool""]","300","5","25","[250,1000,10000]","1000","1000","20","9.689870834350586","9.921656911335294","9.712800979614258","0.5572795823665894","0.5688202247191011"
"graphsage-gcn 1000->1000 2","finished","-","niklasdewally","08SepResults","2023-09-03T14:51:03.000Z","302","","16","","470","2","0.011","0.01","graphsage-gcn","[""graphsage-mean"",""graphsage-gcn"",""graphsage-lstm"",""graphsage-pool""]","300","5","25","[250,1000,10000]","1000","1000","18","9.056190490722656","7.941610760158962","7.810120582580566","0.5291473317865429","0.5299157303370786"
"graphsage-gcn 1000->1000 1","finished","-","niklasdewally","08SepResults","2023-09-03T14:45:42.000Z","319","","16","","470","2","0.011","0.01","graphsage-gcn","[""graphsage-mean"",""graphsage-gcn"",""graphsage-lstm"",""graphsage-pool""]","300","5","25","[250,1000,10000]","1000","1000","26","7.624619007110596","7.642840143234011","7.614869594573975","0.4978248259860789","0.49691011235955057"
"graphsage-gcn 1000->1000 0","finished","-","niklasdewally","08SepResults","2023-09-03T14:41:22.000Z","257","","16","","470","2","0.011","0.01","graphsage-gcn","[""graphsage-mean"",""graphsage-gcn"",""graphsage-lstm"",""graphsage-pool""]","300","5","25","[250,1000,10000]","1000","1000","7","7.553709030151367","7.99056299149044","8.053475379943848","0.5250870069605569","0.5200842696629213"
"graphsage-gcn 1000->250 4","finished","-","niklasdewally","08SepResults","2023-09-03T14:34:31.000Z","409","","16","","470","2","0.011","0.01","graphsage-gcn","[""graphsage-mean"",""graphsage-gcn"",""graphsage-lstm"",""graphsage-pool""]","300","5","25","[250,1000,10000]","1000","250","68","7.601082801818848","7.737003788115486","7.795263290405273","0.5559045226130653","0.5464887640449438"
"graphsage-gcn 1000->250 3","finished","-","niklasdewally","08SepResults","2023-09-03T14:30:35.000Z","234","","16","","470","2","0.011","0.01","graphsage-gcn","[""graphsage-mean"",""graphsage-gcn"",""graphsage-lstm"",""graphsage-pool""]","300","5","25","[250,1000,10000]","1000","250","21","7.624619007110596","7.638929192982022","7.659852504730225","0.4993718592964824","0.4990168539325842"
"graphsage-gcn 1000->250 2","finished","-","niklasdewally","08SepResults","2023-09-03T14:26:51.000Z","222","","16","","470","2","0.011","0.01","graphsage-gcn","[""graphsage-mean"",""graphsage-gcn"",""graphsage-lstm"",""graphsage-pool""]","300","5","25","[250,1000,10000]","1000","250","17","11.943077087402344","12.142078278556705","12.35724925994873","0.5226130653266332","0.523314606741573"
"graphsage-gcn 1000->250 1","finished","-","niklasdewally","08SepResults","2023-09-03T14:23:01.000Z","228","","16","","470","2","0.011","0.01","graphsage-gcn","[""graphsage-mean"",""graphsage-gcn"",""graphsage-lstm"",""graphsage-pool""]","300","5","25","[250,1000,10000]","1000","250","21","7.624619007110596","7.627889572627961","7.624619483947754","0.4993718592964824","0.5"
"graphsage-gcn 1000->250 0","finished","-","niklasdewally","08SepResults","2023-09-03T14:16:46.000Z","372","","16","","470","2","0.011","0.01","graphsage-gcn","[""graphsage-mean"",""graphsage-gcn"",""graphsage-lstm"",""graphsage-pool""]","300","5","25","[250,1000,10000]","1000","250","60","7.624619007110596","7.624015300992936","7.652889251708984","0.49246231155778897","0.5018258426966292"
"graphsage-gcn 250->10000 4","finished","-","niklasdewally","08SepResults","2023-09-03T13:58:12.000Z","1112","","16","","470","2","0.011","0.01","graphsage-gcn","[""graphsage-mean"",""graphsage-gcn"",""graphsage-lstm"",""graphsage-pool""]","300","5","25","[250,1000,10000]","250","10000","29","8.366460800170898","9.423691630363464","10.123838424682615","0.5165540153511284","0.526378896882494"
"graphsage-gcn 250->10000 3","finished","-","niklasdewally","08SepResults","2023-09-03T13:39:34.000Z","1116","","16","","470","2","0.011","0.01","graphsage-gcn","[""graphsage-mean"",""graphsage-gcn"",""graphsage-lstm"",""graphsage-pool""]","300","5","25","[250,1000,10000]","250","10000","38","8.717864990234375","8.14770656824112","7.71057653427124","0.551566617023714","0.552757793764988"
"graphsage-gcn 250->10000 2","finished","-","niklasdewally","08SepResults","2023-09-03T13:20:51.000Z","1121","","16","","470","2","0.011","0.01","graphsage-gcn","[""graphsage-mean"",""graphsage-gcn"",""graphsage-lstm"",""graphsage-pool""]","300","5","25","[250,1000,10000]","250","10000","45","10.50788688659668","10.464697420597076","10.92865753173828","0.5605882689884294","0.579736211031175"
"graphsage-gcn 250->10000 1","finished","-","niklasdewally","08SepResults","2023-09-03T13:01:46.000Z","1143","","16","","470","2","0.011","0.01","graphsage-gcn","[""graphsage-mean"",""graphsage-gcn"",""graphsage-lstm"",""graphsage-pool""]","300","5","25","[250,1000,10000]","250","10000","64","9.94597053527832","10.131022572517397","12.036429405212402","0.5563495245732616","0.5689448441247003"
"graphsage-gcn 250->10000 0","finished","-","niklasdewally","08SepResults","2023-09-03T12:43:15.000Z","1109","","16","","470","2","0.011","0.01","graphsage-gcn","[""graphsage-mean"",""graphsage-gcn"",""graphsage-lstm"",""graphsage-pool""]","300","5","25","[250,1000,10000]","250","10000","29","8.695028305053711","8.526895463466644","9.037885665893556","0.551480696528812","0.5539568345323741"
"graphsage-gcn 250->1000 4","finished","-","niklasdewally","08SepResults","2023-09-03T12:40:46.000Z","146","","16","","470","2","0.011","0.01","graphsage-gcn","[""graphsage-mean"",""graphsage-gcn"",""graphsage-lstm"",""graphsage-pool""]","300","5","25","[250,1000,10000]","250","1000","8","8.498710632324219","8.429895460605621","8.443014144897461","0.5453886310904872","0.5773381294964028"
"graphsage-gcn 250->1000 3","finished","-","niklasdewally","08SepResults","2023-09-03T12:37:34.000Z","190","","16","","470","2","0.011","0.01","graphsage-gcn","[""graphsage-mean"",""graphsage-gcn"",""graphsage-lstm"",""graphsage-pool""]","300","5","25","[250,1000,10000]","250","1000","65","8.207881927490234","8.599916070699692","10.27055549621582","0.5423433874709976","0.5719424460431655"
"graphsage-gcn 250->1000 2","finished","-","niklasdewally","08SepResults","2023-09-03T12:34:46.000Z","166","","16","","470","2","0.011","0.01","graphsage-gcn","[""graphsage-mean"",""graphsage-gcn"",""graphsage-lstm"",""graphsage-pool""]","300","5","25","[250,1000,10000]","250","1000","35","7.965149402618408","8.16730609536171","8.243232727050781","0.572215777262181","0.6019184652278178"
"graphsage-gcn 250->1000 1","finished","-","niklasdewally","08SepResults","2023-09-03T12:31:47.000Z","177","","16","","470","2","0.011","0.01","graphsage-gcn","[""graphsage-mean"",""graphsage-gcn"",""graphsage-lstm"",""graphsage-pool""]","300","5","25","[250,1000,10000]","250","1000","51","7.798679351806641","7.699616938829422","7.830157279968262","0.47157772621809746","0.4844124700239808"
"graphsage-gcn 250->1000 0","finished","-","niklasdewally","08SepResults","2023-09-03T12:28:39.000Z","186","","16","","470","2","0.011","0.01","graphsage-gcn","[""graphsage-mean"",""graphsage-gcn"",""graphsage-lstm"",""graphsage-pool""]","300","5","25","[250,1000,10000]","250","1000","69","8.588228225708008","7.790947288274765","7.720910549163818","0.5582946635730859","0.5827338129496403"
"graphsage-gcn 250->250 4","finished","-","niklasdewally","08SepResults","2023-09-03T12:26:00.000Z","157","","16","","470","2","0.011","0.01","graphsage-gcn","[""graphsage-mean"",""graphsage-gcn"",""graphsage-lstm"",""graphsage-pool""]","300","5","25","[250,1000,10000]","250","250","122","8.078423500061035","7.949710369110107","7.84869384765625","0.5640703517587939","0.5821342925659473"
"graphsage-gcn 250->250 3","finished","-","niklasdewally","08SepResults","2023-09-03T12:24:17.000Z","101","","16","","470","2","0.011","0.01","graphsage-gcn","[""graphsage-mean"",""graphsage-gcn"",""graphsage-lstm"",""graphsage-pool""]","300","5","25","[250,1000,10000]","250","250","46","7.624619007110596","7.795796245336533","7.586362838745117","0.5508793969849246","0.6025179856115108"
"graphsage-gcn 250->250 2","finished","-","niklasdewally","08SepResults","2023-09-03T12:21:56.000Z","139","","16","","470","2","0.011","0.01","graphsage-gcn","[""graphsage-mean"",""graphsage-gcn"",""graphsage-lstm"",""graphsage-pool""]","300","5","25","[250,1000,10000]","250","250","90","7.935921192169189","7.710157543420792","7.622794151306152","0.5414572864321608","0.5773381294964028"
"graphsage-gcn 250->250 1","finished","-","niklasdewally","08SepResults","2023-09-03T12:20:16.000Z","98","","16","","470","2","0.011","0.01","graphsage-gcn","[""graphsage-mean"",""graphsage-gcn"",""graphsage-lstm"",""graphsage-pool""]","300","5","25","[250,1000,10000]","250","250","46","7.6008758544921875","7.629740983247757","7.595893383026123","0.5546482412060302","0.5641486810551559"
"graphsage-gcn 250->250 0","finished","-","niklasdewally","08SepResults","2023-09-03T12:18:44.000Z","90","","16","","470","2","0.011","0.01","graphsage-gcn","[""graphsage-mean"",""graphsage-gcn"",""graphsage-lstm"",""graphsage-pool""]","300","5","25","[250,1000,10000]","250","250","38","9.847441673278809","9.396288275718687","9.11508846282959","0.5332914572864321","0.5749400479616307"
"graphsage-mean 10000->10000 4","finished","-","niklasdewally","08SepResults","2023-09-03T11:05:14.000Z","4408","","16","","470","2","0.011","0.01","graphsage-mean","[""graphsage-mean"",""graphsage-gcn"",""graphsage-lstm"",""graphsage-pool""]","300","5","25","[250,1000,10000]","10000","10000","7","8.012190818786621","7.912777237869189","7.892775535583496","0.5369744529728491","0.5403973700077521"
"graphsage-mean 10000->10000 3","finished","-","niklasdewally","08SepResults","2023-09-03T08:49:01.000Z","8171","","16","","470","2","0.011","0.01","graphsage-mean","[""graphsage-mean"",""graphsage-gcn"",""graphsage-lstm"",""graphsage-pool""]","300","5","25","[250,1000,10000]","10000","10000","52","8.012190818786621","7.714301968845471","7.703644752502441","0.5343968381257876","0.5359326997616929"
"graphsage-mean 10000->10000 2","finished","-","niklasdewally","08SepResults","2023-09-03T06:43:54.000Z","7505","","16","","470","2","0.011","0.01","graphsage-mean","[""graphsage-mean"",""graphsage-gcn"",""graphsage-lstm"",""graphsage-pool""]","300","5","25","[250,1000,10000]","10000","10000","45","13.445878028869627","13.445878028869627","13.445886611938477","0.5","0.5"
"graphsage-mean 10000->10000 1","finished","-","niklasdewally","08SepResults","2023-09-03T05:29:41.000Z","4451","","16","","470","2","0.011","0.01","graphsage-mean","[""graphsage-mean"",""graphsage-gcn"",""graphsage-lstm"",""graphsage-pool""]","300","5","25","[250,1000,10000]","10000","10000","8","8.399762153625488","7.792301679308112","7.791176795959473","0.4998567991751632","0.49909558126848313"
"egi 10000->10000 4","finished","-","niklasdewally","08SepResults","2023-09-03T03:23:08.000Z","2027","","64","","144","2","0.051","0.01","egi","[""egi"",""triangle""]","300","5","25","[250,1000,10000,100000]","10000","10000","5","","0.3412985003251845","0.0869176983833313","0.5977775231985336","0.5959258089523098"
"graphsage-mean 10000->10000 0","finished","-","niklasdewally","08SepResults","2023-09-03T03:09:55.000Z","8384","","16","","470","2","0.011","0.01","graphsage-mean","[""graphsage-mean"",""graphsage-gcn"",""graphsage-lstm"",""graphsage-pool""]","300","5","25","[250,1000,10000]","10000","10000","55","7.624619007110596","7.624619007110596","7.624629497528076","0.5","0.5"
"egi 10000->10000 3","finished","-","niklasdewally","08SepResults","2023-09-03T02:48:54.000Z","2052","","64","","144","2","0.051","0.01","egi","[""egi"",""triangle""]","300","5","25","[250,1000,10000,100000]","10000","10000","6","","0.34128878481584624","0.08692312240600586","0.630069309199221","0.63194464383129"
"graphsage-mean 10000->1000 4","finished","-","niklasdewally","08SepResults","2023-09-03T02:19:54.000Z","2999","","16","","470","2","0.011","0.01","graphsage-mean","[""graphsage-mean"",""graphsage-gcn"",""graphsage-lstm"",""graphsage-pool""]","300","5","25","[250,1000,10000]","10000","1000","2","7.624619007110596","7.693112270024577","7.733685493469238","0.5458236658932715","0.5440294007867007"
"egi 10000->10000 2","finished","-","niklasdewally","08SepResults","2023-09-03T02:14:55.000Z","2037","","64","","144","2","0.051","0.01","egi","[""egi"",""triangle""]","300","5","25","[250,1000,10000,100000]","10000","10000","5","","0.3413086372594803","0.08691635727882385","0.5727746591820368","0.5729133767837147"
"egi 10000->10000 1","finished","-","niklasdewally","08SepResults","2023-09-03T01:41:14.000Z","2019","","64","","144","2","0.051","0.01","egi","[""egi"",""triangle""]","300","5","25","[250,1000,10000,100000]","10000","10000","3","","0.3412657610292976","0.08692678809165955","0.6187707641196013","0.6229148123690028"
"egi 10000->10000 0","finished","-","niklasdewally","08SepResults","2023-09-03T01:06:50.000Z","2061","","64","","144","2","0.051","0.01","egi","[""egi"",""triangle""]","300","5","25","[250,1000,10000,100000]","10000","10000","5","","0.3412905287397548","0.08692318201065063","0.6074435788750143","0.60887478825117"
"graphsage-mean 10000->1000 3","finished","-","niklasdewally","08SepResults","2023-09-03T00:56:54.000Z","4978","","16","","470","2","0.011","0.01","graphsage-mean","[""graphsage-mean"",""graphsage-gcn"",""graphsage-lstm"",""graphsage-pool""]","300","5","25","[250,1000,10000]","10000","1000","26","13.445878028869627","13.445878028869627","13.445886611938477","0.5298723897911833","0.5290562462315886"
"egi 10000->1000 4","finished","-","niklasdewally","08SepResults","2023-09-03T00:47:10.000Z","1178","","64","","144","2","0.051","0.01","egi","[""egi"",""triangle""]","300","5","25","[250,1000,10000,100000]","10000","1000","10","","0.3412514429491682","0.08691734075546265","0.5159512761020881","0.5156048120818858"
"egi 10000->1000 3","finished","-","niklasdewally","08SepResults","2023-09-03T00:30:50.000Z","978","","64","","144","2","0.051","0.01","egi","[""egi"",""triangle""]","300","5","25","[250,1000,10000,100000]","10000","1000","0","","1.1441301216538518","1.9021210670471191","0.5913573085846868","0.6013666771942922"
"egi 10000->1000 2","finished","-","niklasdewally","08SepResults","2023-09-03T00:14:12.000Z","996","","64","","144","2","0.051","0.01","egi","[""egi"",""triangle""]","300","5","25","[250,1000,10000,100000]","10000","1000","1","","1.1474808224190314","1.9059414863586424","0.6209396751740139","0.6214505153751184"
"egi 10000->1000 1","finished","-","niklasdewally","08SepResults","2023-09-02T23:50:06.000Z","1444","","64","","144","2","0.051","0.01","egi","[""egi"",""triangle""]","300","5","25","[250,1000,10000,100000]","10000","1000","24","","1.1430791249880805","1.900679588317871","0.6241299303944315","0.6278101582014988"
"graphsage-mean 10000->1000 2","finished","-","niklasdewally","08SepResults","2023-09-02T23:47:42.000Z","4150","","16","","470","2","0.011","0.01","graphsage-mean","[""graphsage-mean"",""graphsage-gcn"",""graphsage-lstm"",""graphsage-pool""]","300","5","25","[250,1000,10000]","10000","1000","16","7.624619007110596","7.651850420246155","7.642878532409668","0.5261020881670534","0.5266444629475437"
"egi 10000->1000 0","finished","-","niklasdewally","08SepResults","2023-09-02T23:32:07.000Z","1077","","64","","144","2","0.051","0.01","egi","[""egi"",""triangle""]","300","5","25","[250,1000,10000,100000]","10000","1000","5","","0.34123833009149307","0.08692410588264465","0.5230568445475638","0.5212897298228488"
"egi 10000->250 4","finished","-","niklasdewally","08SepResults","2023-09-02T23:15:38.000Z","987","","64","","144","2","0.051","0.01","egi","[""egi"",""triangle""]","300","5","25","[250,1000,10000,100000]","10000","250","4","","0.3416776937083341","0.08705312013626099","0.6130653266331658","0.6044388297108731"
"egi 10000->250 3","finished","-","niklasdewally","08SepResults","2023-09-02T22:59:38.000Z","958","","64","","144","2","0.051","0.01","egi","[""egi"",""triangle""]","300","5","25","[250,1000,10000,100000]","10000","250","2","","1.1447054768482654","1.902719497680664","0.5188442211055276","0.5399379827155532"
"egi 10000->250 2","finished","-","niklasdewally","08SepResults","2023-09-02T22:42:22.000Z","1034","","64","","144","2","0.051","0.01","egi","[""egi"",""triangle""]","300","5","25","[250,1000,10000,100000]","10000","250","6","","0.3412717622764504","0.08692282438278198","0.5672110552763819","0.5638691894685464"
"egi 10000->250 1","finished","-","niklasdewally","08SepResults","2023-09-02T22:27:19.000Z","901","","64","","144","2","0.051","0.01","egi","[""egi"",""triangle""]","300","5","25","[250,1000,10000,100000]","10000","250","0","","1.1456701195118233","1.9038851261138916","0.5508793969849246","0.5480346837405611"
"egi 10000->250 0","finished","-","niklasdewally","08SepResults","2023-09-02T22:04:09.000Z","1388","","64","","144","2","0.051","0.01","egi","[""egi"",""triangle""]","300","5","25","[250,1000,10000,100000]","10000","250","21","","1.1430851878144612","1.9006907939910889","0.5753768844221105","0.5775646731172299"
"graphsage-mean 10000->1000 1","finished","-","niklasdewally","08SepResults","2023-09-02T21:13:44.000Z","9236","","16","","470","2","0.011","0.01","graphsage-mean","[""graphsage-mean"",""graphsage-gcn"",""graphsage-lstm"",""graphsage-pool""]","300","5","25","[250,1000,10000]","10000","1000","76","7.624619007110596","7.624619007110596","7.624629497528076","0.5","0.5"
"graphsage-mean 10000->1000 0","finished","-","niklasdewally","08SepResults","2023-09-02T20:14:30.000Z","3552","","16","","470","2","0.011","0.01","graphsage-mean","[""graphsage-mean"",""graphsage-gcn"",""graphsage-lstm"",""graphsage-pool""]","300","5","25","[250,1000,10000]","10000","1000","9","7.624619007110596","7.660484796159722","7.679386138916016","0.5437935034802784","0.542349765999598"
"graphsage-mean 10000->250 4","finished","-","niklasdewally","08SepResults","2023-09-02T19:10:01.000Z","3867","","16","","470","2","0.011","0.01","graphsage-mean","[""graphsage-mean"",""graphsage-gcn"",""graphsage-lstm"",""graphsage-pool""]","300","5","25","[250,1000,10000]","10000","250","13","7.624619007110596","7.708740010116112","7.71446418762207","0.5056532663316583","0.5103649257802406"
"graphsage-mean 10000->250 3","finished","-","niklasdewally","08SepResults","2023-09-02T18:20:25.000Z","2974","","16","","470","2","0.011","0.01","graphsage-mean","[""graphsage-mean"",""graphsage-gcn"",""graphsage-lstm"",""graphsage-pool""]","300","5","25","[250,1000,10000]","10000","250","3","12.718220710754396","12.649071633720093","12.67947769165039","0.5684673366834171","0.5676447787763071"
"graphsage-mean 10000->250 2","finished","-","niklasdewally","08SepResults","2023-09-02T16:39:45.000Z","6037","","16","","470","2","0.011","0.01","graphsage-mean","[""graphsage-mean"",""graphsage-gcn"",""graphsage-lstm"",""graphsage-pool""]","300","5","25","[250,1000,10000]","10000","250","39","13.445878028869627","13.445878028869627","13.445886611938477","0.5","0.5011054006718539"
"graphsage-mean 10000->250 1","finished","-","niklasdewally","08SepResults","2023-09-02T14:52:31.000Z","6432","","16","","470","2","0.011","0.01","graphsage-mean","[""graphsage-mean"",""graphsage-gcn"",""graphsage-lstm"",""graphsage-pool""]","300","5","25","[250,1000,10000]","10000","250","44","7.624619007110596","7.624619007110596","7.624629497528076","0.5","0.5000430675586437"
"graphsage-mean 10000->250 0","finished","-","niklasdewally","08SepResults","2023-09-02T13:23:04.000Z","5365","","16","","470","2","0.011","0.01","graphsage-mean","[""graphsage-mean"",""graphsage-gcn"",""graphsage-lstm"",""graphsage-pool""]","300","5","25","[250,1000,10000]","10000","250","30","7.624619007110596","7.710188230389003","7.682656288146973","0.5138190954773869","0.5226966034052083"
"graphsage-mean 1000->10000 4","finished","-","niklasdewally","08SepResults","2023-09-02T13:01:53.000Z","1269","","16","","470","2","0.011","0.01","graphsage-mean","[""graphsage-mean"",""graphsage-gcn"",""graphsage-lstm"",""graphsage-pool""]","300","5","25","[250,1000,10000]","1000","10000","23","8.352275848388672","7.864533257862878","7.917261600494385","0.5229980524687822","0.5313202247191011"
"graphsage-mean 1000->10000 3","finished","-","niklasdewally","08SepResults","2023-09-02T12:40:51.000Z","1260","","16","","470","2","0.011","0.01","graphsage-mean","[""graphsage-mean"",""graphsage-gcn"",""graphsage-lstm"",""graphsage-pool""]","300","5","25","[250,1000,10000]","1000","10000","20","7.6008758544921875","7.886050663297138","7.999239921569824","0.5136613586894261","0.5195224719101124"
"graphsage-mean 1000->10000 2","finished","-","niklasdewally","08SepResults","2023-09-02T12:19:50.000Z","1259","","16","","470","2","0.011","0.01","graphsage-mean","[""graphsage-mean"",""graphsage-gcn"",""graphsage-lstm"",""graphsage-pool""]","300","5","25","[250,1000,10000]","1000","10000","17","7.988448143005371","8.262404918670654","8.343643188476562","0.518200824836751","0.5278089887640449"
"graphsage-mean 1000->10000 1","finished","-","niklasdewally","08SepResults","2023-09-02T11:59:16.000Z","1232","","16","","470","2","0.011","0.01","graphsage-mean","[""graphsage-mean"",""graphsage-gcn"",""graphsage-lstm"",""graphsage-pool""]","300","5","25","[250,1000,10000]","1000","10000","11","7.5771331787109375","7.916386831374395","7.91486930847168","0.5532707068392714","0.5672752808988764"
"graphsage-mean 1000->10000 0","finished","-","niklasdewally","08SepResults","2023-09-02T11:37:09.000Z","1325","","16","","470","2","0.011","0.01","graphsage-mean","[""graphsage-mean"",""graphsage-gcn"",""graphsage-lstm"",""graphsage-pool""]","300","5","25","[250,1000,10000]","1000","10000","39","7.624619007110596","7.796363240196591","7.881794452667236","0.5312750601443464","0.5323033707865169"
"graphsage-mean 1000->1000 4","finished","-","niklasdewally","08SepResults","2023-09-02T11:30:40.000Z","387","","16","","470","2","0.011","0.01","graphsage-mean","[""graphsage-mean"",""graphsage-gcn"",""graphsage-lstm"",""graphsage-pool""]","300","5","25","[250,1000,10000]","1000","1000","41","7.964704990386963","7.9043247434828015","8.081199645996094","0.5591647331786543","0.5668539325842696"
"graphsage-mean 1000->1000 3","finished","-","niklasdewally","08SepResults","2023-09-02T11:25:52.000Z","286","","16","","470","2","0.011","0.01","graphsage-mean","[""graphsage-mean"",""graphsage-gcn"",""graphsage-lstm"",""graphsage-pool""]","300","5","25","[250,1000,10000]","1000","1000","14","7.624619007110596","7.728315133897085","7.750445365905762","0.5261020881670534","0.523314606741573"
"graphsage-mean 1000->1000 2","finished","-","niklasdewally","08SepResults","2023-09-02T11:18:29.000Z","440","","16","","470","2","0.011","0.01","graphsage-mean","[""graphsage-mean"",""graphsage-gcn"",""graphsage-lstm"",""graphsage-pool""]","300","5","25","[250,1000,10000]","1000","1000","59","7.6008758544921875","7.801639473627484","7.827388763427734","0.5680104408352669","0.5617977528089888"
"graphsage-mean 1000->1000 1","finished","-","niklasdewally","08SepResults","2023-09-02T11:13:52.000Z","275","","16","","470","2","0.011","0.01","graphsage-mean","[""graphsage-mean"",""graphsage-gcn"",""graphsage-lstm"",""graphsage-pool""]","300","5","25","[250,1000,10000]","1000","1000","11","7.6008758544921875","7.822896889277867","7.84967565536499","0.5404582366589327","0.5575842696629213"
"graphsage-mean 1000->1000 0","finished","-","niklasdewally","08SepResults","2023-09-02T11:08:05.000Z","345","","16","","470","2","0.011","0.01","graphsage-mean","[""graphsage-mean"",""graphsage-gcn"",""graphsage-lstm"",""graphsage-pool""]","300","5","25","[250,1000,10000]","1000","1000","29","10.436992645263672","8.30370137048146","8.923301696777344","0.5147911832946636","0.5289325842696629"
"graphsage-mean 1000->250 4","finished","-","niklasdewally","08SepResults","2023-09-02T11:03:18.000Z","285","","16","","470","2","0.011","0.01","graphsage-mean","[""graphsage-mean"",""graphsage-gcn"",""graphsage-lstm"",""graphsage-pool""]","300","5","25","[250,1000,10000]","1000","250","36","7.624619007110596","7.861396312713623","7.787837028503418","0.5345477386934674","0.5245786516853933"
"graphsage-mean 1000->250 3","finished","-","niklasdewally","08SepResults","2023-09-02T10:59:36.000Z","220","","16","","470","2","0.011","0.01","graphsage-mean","[""graphsage-mean"",""graphsage-gcn"",""graphsage-lstm"",""graphsage-pool""]","300","5","25","[250,1000,10000]","1000","250","15","7.987469673156738","7.854498590741839","7.871255397796631","0.5489949748743719","0.5339887640449438"
"graphsage-mean 1000->250 2","finished","-","niklasdewally","08SepResults","2023-09-02T10:55:42.000Z","232","","16","","470","2","0.011","0.01","graphsage-mean","[""graphsage-mean"",""graphsage-gcn"",""graphsage-lstm"",""graphsage-pool""]","300","5","25","[250,1000,10000]","1000","250","18","7.6008758544921875","7.794855768718417","7.8849053382873535","0.5477386934673367","0.5321629213483146"
"graphsage-mean 1000->250 1","finished","-","niklasdewally","08SepResults","2023-09-02T10:49:55.000Z","345","","16","","470","2","0.011","0.01","graphsage-mean","[""graphsage-mean"",""graphsage-gcn"",""graphsage-lstm"",""graphsage-pool""]","300","5","25","[250,1000,10000]","1000","250","53","8.012190818786621","7.766989147852337","7.6886115074157715","0.5546482412060302","0.5286516853932585"
"graphsage-mean 1000->250 0","finished","-","niklasdewally","08SepResults","2023-09-02T10:45:52.000Z","241","","16","","470","2","0.011","0.01","graphsage-mean","[""graphsage-mean"",""graphsage-gcn"",""graphsage-lstm"",""graphsage-pool""]","300","5","25","[250,1000,10000]","1000","250","18","7.6008758544921875","7.959949175516765","7.906003475189209","0.5571608040201005","0.5768258426966292"
"graphsage-mean 250->10000 4","finished","-","niklasdewally","08SepResults","2023-09-02T10:27:21.000Z","1109","","16","","470","2","0.011","0.01","graphsage-mean","[""graphsage-mean"",""graphsage-gcn"",""graphsage-lstm"",""graphsage-pool""]","300","5","25","[250,1000,10000]","250","10000","26","8.479646682739258","8.43849241733551","7.721015930175781","0.563953488372093","0.5809352517985612"
"graphsage-mean 250->10000 3","finished","-","niklasdewally","08SepResults","2023-09-02T10:08:39.000Z","1120","","16","","470","2","0.011","0.01","graphsage-mean","[""graphsage-mean"",""graphsage-gcn"",""graphsage-lstm"",""graphsage-pool""]","300","5","25","[250,1000,10000]","250","10000","46","8.267912864685059","7.890096753835678","8.099803924560547","0.5226686905716577","0.5281774580335732"
"graphsage-mean 250->10000 2","finished","-","niklasdewally","08SepResults","2023-09-02T09:50:07.000Z","1110","","16","","470","2","0.011","0.01","graphsage-mean","[""graphsage-mean"",""graphsage-gcn"",""graphsage-lstm"",""graphsage-pool""]","300","5","25","[250,1000,10000]","250","10000","30","8.012190818786621","7.809501260519028","7.73798131942749","0.528339443235193","0.5419664268585132"
"graphsage-mean 250->10000 1","finished","-","niklasdewally","08SepResults","2023-09-02T09:31:29.000Z","1116","","16","","470","2","0.011","0.01","graphsage-mean","[""graphsage-mean"",""graphsage-gcn"",""graphsage-lstm"",""graphsage-pool""]","300","5","25","[250,1000,10000]","250","10000","32","8.012190818786621","8.321550816297531","7.988448143005371","0.5234562951082599","0.5323741007194245"
"graphsage-mean 250->10000 0","finished","-","niklasdewally","08SepResults","2023-09-02T09:12:51.000Z","1116","","16","","470","2","0.011","0.01","graphsage-mean","[""graphsage-mean"",""graphsage-gcn"",""graphsage-lstm"",""graphsage-pool""]","300","5","25","[250,1000,10000]","250","10000","44","7.623904228210449","8.028322100639343","7.73735237121582","0.5711278496964143","0.6169064748201439"
"graphsage-mean 250->1000 4","finished","-","niklasdewally","08SepResults","2023-09-02T09:10:02.000Z","167","","16","","470","2","0.011","0.01","graphsage-mean","[""graphsage-mean"",""graphsage-gcn"",""graphsage-lstm"",""graphsage-pool""]","300","5","25","[250,1000,10000]","250","1000","37","8.376019477844238","8.394306719303131","8.132856369018555","0.5153712296983759","0.5161870503597122"
"graphsage-mean 250->1000 3","finished","-","niklasdewally","08SepResults","2023-09-02T09:07:04.000Z","176","","16","","470","2","0.011","0.01","graphsage-mean","[""graphsage-mean"",""graphsage-gcn"",""graphsage-lstm"",""graphsage-pool""]","300","5","25","[250,1000,10000]","250","1000","45","8.787333488464355","8.223345279693604","8.289443016052246","0.5314675174013921","0.5569544364508393"
"graphsage-mean 250->1000 2","finished","-","niklasdewally","08SepResults","2023-09-02T09:04:17.000Z","164","","16","","470","2","0.011","0.01","graphsage-mean","[""graphsage-mean"",""graphsage-gcn"",""graphsage-lstm"",""graphsage-pool""]","300","5","25","[250,1000,10000]","250","1000","37","7.6008758544921875","7.776374340057373","7.88300085067749","0.5625","0.5821342925659473"
"graphsage-mean 250->1000 1","finished","-","niklasdewally","08SepResults","2023-09-02T09:01:39.000Z","156","","16","","470","2","0.011","0.01","graphsage-mean","[""graphsage-mean"",""graphsage-gcn"",""graphsage-lstm"",""graphsage-pool""]","300","5","25","[250,1000,10000]","250","1000","28","8.012190818786621","7.748480409383774","8.117114067077637","0.5124709976798144","0.5251798561151079"
"graphsage-mean 250->1000 0","finished","-","niklasdewally","08SepResults","2023-09-02T08:58:55.000Z","162","","16","","470","2","0.011","0.01","graphsage-mean","[""graphsage-mean"",""graphsage-gcn"",""graphsage-lstm"",""graphsage-pool""]","300","5","25","[250,1000,10000]","250","1000","34","8.787333488464355","8.28250527381897","7.823203086853027","0.531177494199536","0.5197841726618705"
"graphsage-mean 250->250 4","finished","-","niklasdewally","08SepResults","2023-09-02T08:57:22.000Z","91","","16","","470","2","0.011","0.01","graphsage-mean","[""graphsage-mean"",""graphsage-gcn"",""graphsage-lstm"",""graphsage-pool""]","300","5","25","[250,1000,10000]","250","250","35","8.352398872375488","7.920882254838944","7.602634429931641","0.5521356783919598","0.6025179856115108"
"graphsage-mean 250->250 3","finished","-","niklasdewally","08SepResults","2023-09-02T08:56:13.000Z","67","","16","","470","2","0.011","0.01","graphsage-mean","[""graphsage-mean"",""graphsage-gcn"",""graphsage-lstm"",""graphsage-pool""]","300","5","25","[250,1000,10000]","250","250","8","7.964704990386963","8.077315658330917","8.03916072845459","0.5841708542713567","0.6037170263788969"
"graphsage-mean 250->250 2","finished","-","niklasdewally","08SepResults","2023-09-02T08:54:42.000Z","89","","16","","470","2","0.011","0.01","graphsage-mean","[""graphsage-mean"",""graphsage-gcn"",""graphsage-lstm"",""graphsage-pool""]","300","5","25","[250,1000,10000]","250","250","34","7.553390502929688","8.061990112066269","8.249105453491211","0.5332914572864321","0.5821342925659473"
"graphsage-mean 250->250 1","finished","-","niklasdewally","08SepResults","2023-09-02T08:52:59.000Z","101","","16","","470","2","0.011","0.01","graphsage-mean","[""graphsage-mean"",""graphsage-gcn"",""graphsage-lstm"",""graphsage-pool""]","300","5","25","[250,1000,10000]","250","250","48","7.6008758544921875","7.636970728635788","7.8542914390563965","0.5226130653266332","0.5677458033573142"
"graphsage-mean 250->250 0","finished","-","niklasdewally","08SepResults","2023-09-02T08:51:44.000Z","73","","16","","470","2","0.011","0.01","graphsage-mean","[""graphsage-mean"",""graphsage-gcn"",""graphsage-lstm"",""graphsage-pool""]","300","5","25","[250,1000,10000]","250","250","8","8.411123275756836","8.123388171195984","8.52195930480957","0.535175879396985","0.5737410071942446"
"egi 1000->10000 4","finished","-","niklasdewally","08SepResults","2023-09-02T06:33:22.000Z","1139","","64","","144","2","0.051","0.01","egi","[""egi"",""triangle""]","300","5","25","[250,1000,10000,100000]","1000","10000","1","","0.004093487688805908","0.00683671236038208","0.4977660671325467","0.4990168539325842"
"egi 1000->10000 3","finished","-","niklasdewally","08SepResults","2023-09-02T06:14:09.000Z","1151","","64","","144","2","0.051","0.01","egi","[""egi"",""triangle""]","300","5","25","[250,1000,10000,100000]","1000","10000","10","","0.0002293471188750118","0.0007337331771850586","0.6204318936877077","0.6262640449438203"
"egi 1000->10000 2","finished","-","niklasdewally","08SepResults","2023-09-02T05:55:10.000Z","1137","","64","","144","2","0.051","0.01","egi","[""egi"",""triangle""]","300","5","25","[250,1000,10000,100000]","1000","10000","0","","0.005073926295153797","0.0008667632937431335","0.5265064726772826","0.5082865168539326"
"egi 1000->10000 1","finished","-","niklasdewally","08SepResults","2023-09-02T05:36:07.000Z","1141","","64","","144","2","0.051","0.01","egi","[""egi"",""triangle""]","300","5","25","[250,1000,10000,100000]","1000","10000","2","","0.0040019664011197165","0.006411448121070862","0.5525117424676366","0.5542134831460674"
"egi 1000->10000 0","finished","-","niklasdewally","08SepResults","2023-09-02T05:17:05.000Z","1140","","64","","144","2","0.051","0.01","egi","[""egi"",""triangle""]","300","5","25","[250,1000,10000,100000]","1000","10000","6","","0.014473940362222493","-0.0005825108382850885","0.5652709359605911","0.547191011235955"
"egi 1000->1000 4","finished","-","niklasdewally","08SepResults","2023-09-02T05:13:48.000Z","195","","64","","144","2","0.051","0.01","egi","[""egi"",""triangle""]","300","5","25","[250,1000,10000,100000]","1000","1000","2","","0.0024902785080485046","0.00421828031539917","0.6199245939675174","0.6172752808988764"
"egi 1000->1000 3","finished","-","niklasdewally","08SepResults","2023-09-02T05:10:25.000Z","201","","64","","144","2","0.051","0.01","egi","[""egi"",""triangle""]","300","5","25","[250,1000,10000,100000]","1000","1000","2","","0.009697261673863975","0.010834217071533205","0.5291473317865429","0.5157303370786517"
"egi 1000->1000 2","finished","-","niklasdewally","08SepResults","2023-09-02T05:07:02.000Z","201","","64","","144","2","0.051","0.01","egi","[""egi"",""triangle""]","300","5","25","[250,1000,10000,100000]","1000","1000","3","","0.00328049308154732","8.345232345163822e-7","0.5","0.5"
"egi 1000->1000 1","finished","-","niklasdewally","08SepResults","2023-09-02T05:03:38.000Z","202","","64","","144","2","0.051","0.01","egi","[""egi"",""triangle""]","300","5","25","[250,1000,10000,100000]","1000","1000","3","","0.00875111436471343","0.00013369135558605194","0.5564095127610209","0.575"
"egi 1000->1000 0","finished","-","niklasdewally","08SepResults","2023-09-02T05:00:22.000Z","194","","64","","144","2","0.051","0.01","egi","[""egi"",""triangle""]","300","5","25","[250,1000,10000,100000]","1000","1000","0","","0.000249023869400844","0.00022661685943603516","0.5872969837587007","0.576123595505618"
"egi 1000->250 4","finished","-","niklasdewally","08SepResults","2023-09-02T04:58:15.000Z","125","","64","","144","2","0.051","0.01","egi","[""egi"",""triangle""]","300","5","25","[250,1000,10000,100000]","1000","250","2","","0.0058368368045194075","0.004512198269367218","0.5119346733668342","0.5126404494382022"
"egi 1000->250 3","finished","-","niklasdewally","08SepResults","2023-09-02T04:56:05.000Z","128","","64","","144","2","0.051","0.01","egi","[""egi"",""triangle""]","300","5","25","[250,1000,10000,100000]","1000","250","4","","0.014475605683401229","0.008743934333324432","0.5948492462311558","0.5890449438202248"
"egi 1000->250 2","finished","-","niklasdewally","08SepResults","2023-09-02T04:52:33.000Z","210","","64","","144","2","0.051","0.01","egi","[""egi"",""triangle""]","300","5","25","[250,1000,10000,100000]","1000","250","1","","0.0036030510382261127","0.003539677709341049","0.5697236180904522","0.5823033707865168"
"egi 1000->250 1","finished","-","niklasdewally","08SepResults","2023-09-02T04:50:31.000Z","120","","64","","144","2","0.051","0.01","egi","[""egi"",""triangle""]","300","5","25","[250,1000,10000,100000]","1000","250","3","","0.0015416057431139052","0.003917582333087921","0.5634422110552764","0.584691011235955"
"egi 1000->250 0","finished","-","niklasdewally","08SepResults","2023-09-02T04:48:30.000Z","119","","64","","144","2","0.051","0.01","egi","[""egi"",""triangle""]","300","5","25","[250,1000,10000,100000]","1000","250","2","","0.003292288980446756","0.005623459815979004","0.625","0.5595505617977528"
"egi 250->10000 4","finished","-","niklasdewally","08SepResults","2023-09-01T13:24:07.000Z","1098","","64","","144","2","0.051","0.01","egi","[""egi"",""triangle""]","300","5","25","[250,1000,10000,100000]","250","10000","40","","-0.03907937742769718","-0.049296796321868896","0.5948848665368313","0.6061151079136691"
"egi 250->10000 3","finished","-","niklasdewally","08SepResults","2023-09-01T13:05:42.000Z","1103","","64","","144","2","0.051","0.01","egi","[""egi"",""triangle""]","300","5","25","[250,1000,10000,100000]","250","10000","28","","-0.030334804207086563","-0.019753530621528625","0.5500630083629282","0.6241007194244604"
"egi 250->10000 2","finished","-","niklasdewally","08SepResults","2023-09-01T12:47:38.000Z","1082","","64","","144","2","0.051","0.01","egi","[""egi"",""triangle""]","300","5","25","[250,1000,10000,100000]","250","10000","16","","-0.01740222331136465","0.08481697738170624","0.5145205636384466","0.5623501199040767"
"egi 250->10000 1","finished","-","niklasdewally","08SepResults","2023-09-01T12:29:36.000Z","1079","","64","","144","2","0.051","0.01","egi","[""egi"",""triangle""]","300","5","25","[250,1000,10000,100000]","250","10000","9","","0.000055102951591834426","-0.002745887730270624","0.5471130713712911","0.5869304556354916"
"egi 250->10000 0","finished","-","niklasdewally","08SepResults","2023-09-01T12:11:01.000Z","1113","","64","","144","2","0.051","0.01","egi","[""egi"",""triangle""]","300","5","25","[250,1000,10000,100000]","250","10000","66","","-0.07838503830134869","-0.09080179780721664","0.5763117195555046","0.6426858513189448"
"egi 250->1000 4","finished","-","niklasdewally","08SepResults","2023-09-01T12:08:37.000Z","142","","64","","144","2","0.051","0.01","egi","[""egi"",""triangle""]","300","5","25","[250,1000,10000,100000]","250","1000","18","","-0.04114811634644866","-0.01274704933166504","0.5810614849187935","0.6558752997601919"
"egi 250->1000 3","finished","-","niklasdewally","08SepResults","2023-09-01T12:06:13.000Z","142","","64","","144","2","0.051","0.01","egi","[""egi"",""triangle""]","300","5","25","[250,1000,10000,100000]","250","1000","22","","-0.0612445417791605","0.04148878529667854","0.5630800464037123","0.6516786570743405"
"egi 250->1000 2","finished","-","niklasdewally","08SepResults","2023-09-01T12:03:45.000Z","146","","64","","144","2","0.051","0.01","egi","[""egi"",""triangle""]","300","5","25","[250,1000,10000,100000]","250","1000","32","","-0.03299249708652496","-0.008162716403603554","0.5690255220417634","0.5983213429256595"
"egi 250->1000 1","finished","-","niklasdewally","08SepResults","2023-09-01T12:01:18.000Z","145","","64","","144","2","0.051","0.01","egi","[""egi"",""triangle""]","300","5","25","[250,1000,10000,100000]","250","1000","20","","-0.0739547461271286","-0.06756164133548737","0.5366879350348028","0.5863309352517986"
"egi 250->1000 0","finished","-","niklasdewally","08SepResults","2023-09-01T11:58:52.000Z","144","","64","","144","2","0.051","0.01","egi","[""egi"",""triangle""]","300","5","25","[250,1000,10000,100000]","250","1000","16","","-0.039308641105890274","0.06732916831970215","0.4704176334106728","0.5605515587529976"
"egi 250->250 4","finished","-","niklasdewally","08SepResults","2023-09-01T11:57:43.000Z","67","","64","","144","2","0.051","0.01","egi","[""egi"",""triangle""]","300","5","25","[250,1000,10000,100000]","250","250","19","","-0.038217958994209766","-0.04291656240820885","0.5527638190954773","0.5755395683453237"
"egi 250->250 3","finished","-","niklasdewally","08SepResults","2023-09-01T11:56:46.000Z","55","","64","","144","2","0.051","0.01","egi","[""egi"",""triangle""]","300","5","25","[250,1000,10000,100000]","250","250","2","","0.0005021048709750175","0.0025298185646533966","0.5910804020100503","0.5377697841726619"
"egi 250->250 2","finished","-","niklasdewally","08SepResults","2023-09-01T11:55:30.000Z","74","","64","","144","2","0.051","0.01","egi","[""egi"",""triangle""]","300","5","25","[250,1000,10000,100000]","250","250","33","","-0.05407556612044573","-0.05167385563254357","0.5904522613065326","0.6492805755395683"
"egi 250->250 1","finished","-","niklasdewally","08SepResults","2023-09-01T11:54:15.000Z","73","","64","","144","2","0.051","0.01","egi","[""egi"",""triangle""]","300","5","25","[250,1000,10000,100000]","250","250","36","","-0.0768186179921031","0.0013801311142742634","0.5628140703517588","0.5857314148681055"
"egi 250->250 0","finished","-","niklasdewally","08SepResults","2023-09-01T11:52:55.000Z","77","","64","","144","2","0.051","0.01","egi","[""egi"",""triangle""]","300","5","25","[250,1000,10000,100000]","250","250","38","","-0.02517521381378174","-0.11791789531707764","0.5640703517587939","0.6402877697841727"